Entry_id,e_signed
3560428,0
6934997,1
5682812,1
6493191,1
8990111,0
6398494,0
3769730,0
2958721,1
9071675,0
9056321,1
1213384,0
2649891,0
5627791,0
2699043,1
6311037,0
3385813,1
7004468,1
4502821,1
9839345,1
6899559,1
5983465,1
6494782,1
5646177,1
2795644,1
6776905,1
3407920,1
2437855,1
8858967,1
5523257,1
8005018,1
1890237,1
8846477,1
5032836,1
4378557,1
6920639,1
6313574,1
9438177,1
1928639,1
3005304,0
3231870,0
4891253,1
1327168,0
2772888,1
8166207,1
2200507,1
4252472,1
6419188,1
3003105,1
6639359,0
7373726,1
8790471,1
7883052,1
6191229,0
2596261,1
3117436,0
2658749,0
5256194,0
3851891,0
3527594,0
8679172,0
4235216,1
9132267,1
9323397,1
3776899,1
4741751,0
3827941,1
9857271,1
4846559,1
3309505,0
8524987,1
3373460,1
2575818,1
2717104,0
3054464,1
1440697,0
1305751,1
2772342,1
7037207,1
2851430,0
1479220,1
4842467,1
3423311,0
8470131,1
7899565,0
4153723,1
4533419,0
8633564,1
2870129,1
9852116,1
7333513,1
6859022,1
9120916,1
3386783,1
4899961,1
7714891,0
7567357,0
2948337,1
2281584,1
2920619,1
3449707,0
1313983,1
6517566,0
7737371,1
8031605,1
3090101,1
5601966,1
7082019,1
2367244,0
3988730,1
1662593,1
5705465,1
4327194,0
9826225,1
2231863,1
3780822,0
7660326,0
2580721,1
5190277,1
6652320,1
5383035,0
4591387,1
4433665,1
5761192,1
8572331,1
1964873,1
7378272,1
9412285,1
1838949,0
9867349,1
5746463,1
9143865,1
3984909,0
2253739,1
8823941,1
7745980,0
3395537,1
8774000,1
2239876,1
1654420,1
7010476,1
5832254,1
7642433,0
7792250,1
4314416,1
5446751,1
4743890,0
5023159,1
5539227,1
2708666,1
6025606,1
8481549,1
6327984,1
5694167,0
6669964,0
7798750,1
9533410,1
1905867,0
4694254,1
5413897,1
8305984,1
8819329,1
5605121,1
7658216,0
8056220,1
7576927,0
4816809,0
9240098,0
9927335,1
3046666,0
5698441,0
7846122,1
3855669,1
9929029,1
1120829,1
9115608,1
9181475,1
1300412,0
6487580,1
8146598,0
4909727,1
2902439,1
7386875,1
4555937,0
2866553,0
4997990,0
8731891,1
8608125,1
4970325,0
6209498,1
1222005,0
6605275,1
5147377,1
8588942,1
3365494,1
7709095,1
9323249,1
1410722,1
6923019,1
1251427,1
6181468,0
1484579,0
7978292,1
9044620,0
6885627,1
8468025,1
2472222,0
6953585,0
8662405,0
5585001,0
5842992,1
2808974,1
8061126,1
4793832,1
6989786,1
2029862,1
4235576,1
3828592,1
5703296,0
4733044,0
7101684,0
4179908,1
4275103,1
3626813,1
7308727,1
6128800,1
9276506,1
2720830,1
2829726,0
3976715,1
4651021,0
2224386,0
7985882,0
5865750,0
5326986,0
8767287,1
7844306,0
8601043,1
3471644,0
1490233,1
2152489,0
6735784,1
5046002,1
6948784,1
8762806,1
6618370,1
1610043,1
6646360,0
6328576,0
8125913,0
5381751,0
1560973,1
8382605,0
1864241,1
6100557,0
4266598,1
9742389,0
2538298,0
8378134,1
5168228,1
2914686,0
5822893,1
6657937,1
4087689,1
9636320,1
2879788,1
8826219,1
6566290,1
1805462,1
3463185,1
4443674,1
9704121,1
5962028,1
7797358,1
3673854,0
2554104,1
1872944,1
2994545,1
2319813,1
4004358,1
5078392,0
1574037,0
8460546,1
5814665,1
8140661,0
1354305,1
2536551,1
3925327,0
2545470,0
9844181,1
8445226,1
1286982,1
7351611,1
5482180,1
1478299,1
4643535,1
8627791,1
3202206,1
2877019,0
2009366,1
9544233,1
7069276,1
8637821,1
9432033,0
5649117,0
2749601,1
8757331,0
2011800,0
4411624,1
7749597,0
1318784,0
7435216,0
7426912,0
5071492,1
5633775,0
1466039,1
4618839,1
3953452,1
3916516,1
6885974,1
1747549,0
1321479,1
1832193,0
9395993,0
3521295,0
6901654,1
6871017,1
1275697,0
4718390,0
3509387,1
7747550,1
6239348,1
7381766,1
5377742,0
8512913,1
2025280,1
8105777,0
8989599,1
8090737,1
6313594,1
2266723,1
5909574,0
9330683,0
6348989,1
8685795,1
4055543,1
7021115,1
7751369,1
6907654,0
3733763,1
5719374,1
1641742,0
8548648,0
9223652,0
5515469,0
4598011,1
2299619,1
8120205,1
4415490,1
4843370,1
5689154,1
7061450,1
4184298,0
6425625,1
1187019,0
3415382,0
2637169,1
3182177,1
8977737,0
4930385,0
7487984,1
6746938,1
1946414,1
8647028,0
3158435,1
9003791,1
5905026,1
3012598,1
4717997,0
3414739,1
7427539,1
8915972,1
9650932,1
6511054,0
1622406,1
1542750,0
4354926,0
4890341,1
1508828,1
3183130,1
5447073,0
5140642,1
1813847,1
9217874,1
7209421,1
3128027,1
3640482,0
2866321,1
3743437,0
4768745,1
1641306,0
3297501,0
1374607,0
6097690,0
1944227,1
3293323,0
3441682,0
6921900,1
1386740,0
2256209,1
8445919,1
2158059,1
5673951,1
2145276,0
4449625,1
5462965,1
7178457,1
4985148,1
4145119,1
6061458,1
6971789,0
3665219,1
2207438,1
4973073,1
9152011,1
5049811,1
7704173,0
3957272,1
5808120,1
5092811,1
7617639,1
1280377,1
8259739,0
8716872,0
7351911,1
7615872,1
8480082,0
2084990,1
3851658,1
6610811,1
6402890,1
6953849,1
9564087,0
7867724,1
4499912,1
8110979,1
1381817,1
3419410,1
2233659,0
3197890,1
2196868,1
9198452,0
7492928,1
4417596,1
5299054,0
5324499,0
2683149,1
2299591,0
4654861,1
9108610,1
1215813,0
4230330,0
8537602,0
2063191,1
8870680,1
1202336,1
2097515,1
3606286,1
5815563,1
3911209,0
5224830,1
8254245,0
5087924,0
4770005,0
4425284,0
4147809,1
7109798,1
1803166,1
9983201,1
6710646,1
2649651,1
4846739,1
5312494,0
8895745,1
3915983,1
4594516,1
6963953,1
8228375,1
9784714,0
3985988,0
7013144,0
9830485,0
6750916,1
5375926,1
6064549,1
6425551,1
4485695,1
5174213,1
9619725,1
9562161,1
9393758,1
7872793,1
4393171,1
9641539,1
8617295,1
3904900,1
6205415,0
1838332,1
5080572,1
5737514,1
2847888,1
8317023,0
1148010,1
7562755,1
4061217,1
8657863,1
6800342,1
7407475,1
6265870,1
7537970,1
4493396,1
7431194,1
8971694,0
2956325,1
1308032,1
1388523,0
8116324,1
1127568,1
3528155,0
5199597,0
6576853,1
6675326,0
9137410,1
9773733,0
7247056,0
1812343,0
9400345,1
9844027,1
9953275,0
8115866,0
3527435,1
4997778,1
4578652,1
5565571,0
9394121,0
8107893,1
3554228,1
6419235,1
3189985,1
6269380,0
2411442,1
6165877,1
8625906,1
7844830,0
6875138,1
1232919,1
9501701,1
2853213,0
6955985,1
6400621,0
5203927,1
7478909,1
9935920,1
3751567,1
8555673,1
4392299,1
7323052,0
6923000,1
4151307,0
2465260,0
5432413,1
2190162,1
3456524,1
6324649,1
2352191,0
8540437,1
5775460,1
9745319,1
4342792,1
6422517,1
3906501,1
1521863,1
7167870,1
8799270,0
5815430,1
3625257,1
4152465,0
4181597,1
3365529,1
9420783,1
2305184,0
9031307,1
4753613,1
6206830,1
7567791,1
8185676,1
4800656,1
2937569,1
8702556,0
8242354,1
5833373,1
4703452,1
2232065,1
9311290,0
1372685,0
1225954,0
4777056,0
5818129,0
8575369,1
3077952,1
7727800,0
7198619,1
5333046,1
8940164,1
9252225,1
2698640,0
5585130,1
2093300,1
2526829,0
4524738,0
9027799,1
5859688,0
3104345,1
5206048,0
6864555,1
2344973,1
3395759,1
9837617,0
6467652,1
8139132,1
2693184,1
2831871,0
4827111,0
5382253,1
3759579,1
2182466,0
7282091,1
2291333,1
8099082,1
1964402,1
7817336,0
2470048,1
6664423,1
9483853,1
6318588,0
4674244,1
4062222,1
4012381,1
1283366,1
2594424,1
4362306,1
9705555,1
8662234,1
2384618,1
8432398,1
4862652,1
4487729,1
3555927,0
4924737,0
4124160,1
6648984,0
1642495,1
1970320,1
2278428,1
8071065,1
3874357,1
3699692,1
4920019,1
6033929,0
7469322,1
8564430,1
6186678,1
2689700,1
5317774,1
8070941,1
6979009,0
1380225,1
8981871,1
3075940,1
5172207,0
5607120,1
4316401,0
8120132,0
7965172,1
9324001,1
8869723,1
6788497,0
6992272,1
6059315,1
4826778,1
8161361,0
6808469,1
6482814,0
9089139,0
6275763,1
6019935,1
9725877,0
1155624,0
4315875,1
3968877,1
9149272,1
1241952,0
1180061,1
7390643,1
9286350,1
8403179,1
7992907,1
8238642,0
2721037,1
6280167,1
3957348,1
8539746,0
7208611,1
3049754,1
6431798,1
4561216,1
8519683,1
5027825,0
4509004,0
6919431,1
1713229,1
8202191,0
6198882,0
7859367,1
7172789,1
8406151,1
3659612,1
9126419,1
4750406,1
8795793,0
6161387,1
9330611,1
9319447,0
5401915,0
8539076,1
3851215,1
6111295,1
1559668,1
7786438,0
5474804,0
9055772,1
3387831,0
1889641,1
9460976,0
6623850,0
1606388,1
2146506,1
3964565,1
8339497,0
9127934,1
3971890,0
8255720,1
4648395,1
4419380,0
5325013,1
4395992,1
9174734,0
6381076,1
7176306,0
7987284,0
8786069,0
4379912,1
8890830,1
5301985,0
1547205,1
8946659,1
6801342,1
3368645,1
9498274,1
5624552,0
9176879,1
2953280,0
1332546,1
5824788,1
5012265,1
6378865,1
2518057,1
9162469,1
5939753,1
8175541,1
4690556,0
8546423,1
3724716,1
9274838,1
9572069,1
3571296,1
9086478,0
8558473,1
6571341,1
5645205,1
6446358,0
1804607,1
7466996,1
5647140,1
3545212,0
3279244,0
2032766,1
5499597,1
9126384,1
1607230,1
2918171,0
2724287,1
5066575,1
8905011,1
5376901,1
1136689,1
6848675,0
8685095,1
6511697,1
3394969,0
2265879,1
3477547,1
3035007,1
8152914,1
1548656,1
7074170,0
1996917,1
9648590,0
1790744,1
4746938,0
7105727,1
6443996,0
8532681,1
3241800,1
2228747,0
7434168,1
9912189,1
4416616,1
7657607,1
1944628,1
1520549,0
9269243,1
5076859,1
3599252,1
4501263,0
2115620,1
8043152,0
8144150,1
7648711,0
6260090,1
3964433,0
1189535,0
7468118,1
6350081,1
5445085,1
2384571,0
1313381,1
2783641,1
5840078,0
8281046,1
6710231,1
3258541,0
5884299,1
9189623,1
9782127,0
4650494,0
8665835,1
8879177,1
3634045,1
1544690,1
5785194,1
1537151,1
3097857,1
8586262,0
4867674,1
8416539,0
9027047,1
5848053,1
7827104,1
7290251,1
6837316,1
4276867,0
6614950,1
7287154,1
8240610,1
7793336,1
6323285,1
4009419,0
6226933,1
9550201,1
2379635,0
7829693,1
1455352,0
8336987,1
4945846,0
6957656,1
4610357,0
5262102,1
2650917,0
1461043,1
5538909,1
9764523,0
9656955,0
1392780,1
2515581,0
7303768,1
3877558,1
3375793,1
3785660,1
1784015,1
4904215,0
6917577,1
4712150,1
3652392,1
7177258,1
6319439,1
7039200,0
2525167,1
3266308,1
4721242,1
3345520,1
6466581,0
7677042,1
1676221,1
6753015,1
1735920,0
8169578,1
9298598,1
9544016,0
7593214,1
1483696,0
1211668,1
1758603,1
4875562,1
5455970,1
8671617,1
6023634,0
6360169,1
9419768,0
6695191,1
7103758,0
8469625,1
1574541,1
3813598,1
6624509,1
3177728,1
1179622,1
5845387,1
3372021,1
6678672,0
7386116,1
4587164,1
7822900,1
7466648,1
1637477,0
9314587,1
1337619,1
9443936,1
7609568,1
5184481,1
7641509,1
1828745,0
4093200,1
3256360,1
8425912,0
9347857,1
5338757,0
3446697,1
8808509,0
6611312,1
8566655,0
4013622,0
4086720,1
8852733,1
6619143,1
2490619,1
7599132,1
7277754,1
7021153,1
7563251,1
5103841,1
5114095,1
1235378,1
6749393,1
5950290,1
7133959,1
4721130,1
6603568,1
9616589,1
5914587,1
5606094,0
1939790,0
7967870,1
7905470,1
8378932,1
1770519,1
1438186,1
8430934,1
7016933,1
9777521,1
9674916,0
4480787,1
3623397,0
3120440,1
3593142,0
2389098,1
6566870,1
4302012,1
8854043,1
3513373,1
3542574,1
1848202,1
4457515,1
9685547,1
5571915,0
6483765,1
7898696,0
9299910,1
7219892,1
5035257,1
3297141,0
2993809,1
6550064,1
6335044,1
3518833,1
7721247,1
6108919,1
4280530,0
9838999,1
7828477,0
7593227,1
7714508,1
9312152,1
6594741,1
9933391,1
4417278,1
6727204,1
7803309,1
8252852,1
6290238,0
8980085,1
1941694,1
1214919,1
6245373,1
3059507,1
8509847,1
4603042,1
7133564,0
7833910,0
6288714,1
4240188,1
3450577,1
5666862,1
9035712,1
3845221,1
2649682,1
8479511,1
1936332,0
8707525,1
4865587,1
3702727,1
2164286,1
9374391,1
4876248,1
1324574,1
3372356,1
8177323,1
5975792,1
9531861,0
7645639,0
2028383,1
8416067,1
6907286,1
5301350,0
9732127,0
2084570,1
9167458,1
6394272,1
2847214,1
3360815,0
8210948,1
9718365,1
6100535,1
1315268,1
7604038,1
8831574,1
9518367,1
4306092,0
9647793,1
9369093,0
4571915,1
5323659,1
7222709,1
4068114,1
6112699,0
6787487,0
9907719,1
1795521,0
8644565,1
4629324,1
6107418,1
5691403,0
2024060,1
6482243,1
6816916,1
5763620,1
5443114,0
9913581,1
2150091,1
2808462,0
7886818,0
1639848,0
3476091,1
2915478,1
8292376,1
8289769,1
3312482,0
8406795,1
9633587,1
7729243,1
6606870,1
3596244,1
6381064,1
3548268,1
3016174,1
9616046,1
8678316,0
3478313,0
5706646,1
7391641,1
4201500,1
5621140,0
8242920,1
6106586,1
4653685,1
5919543,1
8681377,1
4915566,1
5540874,0
9361709,1
7695012,1
3924027,1
8965704,1
5093297,0
9669062,0
9096313,1
8812182,1
2567885,0
3159692,1
6129091,1
1839787,1
5768064,1
4878887,1
6148527,0
6052746,1
6963296,0
9462404,0
8108857,0
6837666,0
8584054,0
3610871,0
8390906,1
9947716,1
7107217,0
6248402,1
6715685,0
7079132,1
9831207,0
9631643,1
4810832,1
9993348,1
8165919,1
5940756,0
8322111,0
4900534,1
9421600,0
8216876,1
9135443,1
8570435,0
8282865,1
7837405,0
5675721,1
3154987,1
6940816,0
9985217,1
4386382,1
8099444,1
2635289,1
6069271,0
9034542,1
7226441,1
4624347,1
8236308,1
5443341,1
9426675,1
3224993,1
7410891,1
6739041,0
2286495,1
2308104,1
7574577,0
9506831,1
4039809,1
4104969,1
1775957,1
9750484,1
4483813,1
5920614,0
6384995,1
7899853,0
8924965,0
3472251,0
4979982,1
7203479,1
4963225,1
8634474,1
9886522,1
3550367,1
8415953,1
7941271,1
9892979,0
4689791,1
8888285,0
1655019,1
5556304,0
9536687,1
6014383,0
7331917,0
3684688,1
6059655,0
7675708,1
1298532,0
1423302,1
4249806,0
8580582,1
6210273,1
7554269,0
5861572,1
7450988,0
2831672,1
3923357,1
4494363,1
7952144,0
9313615,1
4073061,1
6395463,0
9845371,1
4039812,0
7903783,1
2138633,1
4321839,0
6677378,1
7330027,1
5785873,1
5609359,1
2100726,0
5469125,1
2776255,1
4305951,1
4036626,1
7066800,0
8680967,0
3888727,0
1751368,1
4138247,1
4150601,1
5646595,1
7114099,0
3277880,1
8696244,1
8590812,0
7553567,1
7770690,1
8139611,0
9138922,0
5905987,1
5468613,1
7840213,1
5499616,0
4513269,1
3954746,1
3422707,0
9292170,1
4444885,1
3403482,1
6768324,1
5832485,1
8516907,1
2733787,1
1686118,0
1512189,0
6675777,1
3092407,1
3833065,1
4623842,0
6006548,1
3802675,1
8665204,1
2462700,0
3805839,1
6629348,1
3894668,1
8781251,1
5012417,1
1529034,0
5965663,1
5104153,0
1871260,0
3226386,1
3320726,1
7585483,1
2173846,1
5091131,1
1955161,1
1775858,1
4791788,0
9714091,1
5969674,0
7581951,1
1232302,1
9438499,1
9610861,0
8863551,0
6179413,0
2633781,0
4011729,0
9637777,1
4663493,1
6245682,1
2481082,1
9271797,0
2641806,1
3379832,0
8697755,1
5983696,1
2383093,1
7610919,1
7807379,1
9145719,0
5038981,0
2757193,1
6103799,1
9467042,1
3886778,1
8890257,0
2876597,1
6733874,1
1430582,1
4928031,1
1690461,0
7020738,1
9496499,1
6308666,1
1793293,1
6716829,0
2288399,1
2689240,0
1184533,1
7648206,1
6847835,1
5885769,1
1416540,1
5499648,0
4977052,1
7444455,0
6687908,0
7655481,0
7140953,1
6822866,1
8426042,1
2109503,1
9572557,1
9376015,1
1891870,0
9095770,1
3434345,0
4451179,0
9093624,1
2514689,0
2966552,1
2497560,0
2392905,0
5366213,1
8954783,1
4344873,1
7159877,0
8037994,1
7671143,0
7037852,1
6567045,1
7566460,1
6316170,1
6943989,0
7465515,0
5733329,1
7544420,1
1361429,1
5268075,1
3114963,0
5978981,1
9749852,1
3493524,1
4219535,1
4216734,1
2958707,1
8534153,1
7395071,0
2852649,1
9743495,0
4007501,1
4809936,1
8497638,1
8022814,0
2013912,1
6795162,1
6871283,1
1766216,1
5046139,1
7034391,1
7122130,1
2218205,1
7834720,1
3185629,0
8225844,1
1344476,1
7854441,1
7378715,0
6630955,0
7195020,0
6065594,0
9276147,1
3039302,1
6288861,0
2152393,0
5243349,0
3138132,1
5634938,1
5802140,1
4244954,1
9801728,1
1766422,0
5411086,1
6810744,1
7164379,1
3973486,1
7462635,1
3369933,1
7781873,0
7331222,1
6879172,1
9257522,1
7354372,1
6834339,0
1316245,0
4451117,1
5409926,1
3732347,1
4907451,1
4307270,1
8313949,0
4520495,1
5674250,1
9148152,1
3335037,1
4861046,1
3169728,1
2018893,0
7757132,1
9199602,1
2640414,1
6465347,1
3710814,1
9308046,0
2460110,1
2825557,1
8076268,0
7902074,0
9606412,1
2517752,1
9803002,1
2438675,1
8155990,0
4670743,1
8648833,1
7552886,1
7340357,1
9285742,1
7253891,1
9929502,0
2421077,1
6712617,1
1149924,1
9190786,1
3099128,1
9355732,1
2116317,1
9850810,1
1144949,1
5279784,0
1271343,1
5986775,1
8575051,1
9366165,0
3424561,1
5734610,1
1652323,1
9075807,1
8076894,1
8977416,1
1330348,0
1790430,0
9744211,1
1912091,0
8851162,0
7376849,1
5844774,1
9639564,0
2882982,0
3151732,1
4113754,1
1988439,1
1614288,0
5041715,1
9164024,1
6912493,0
9612504,0
5347489,0
8254575,0
8265013,1
5393318,1
8845094,1
3754475,1
1808233,1
1989026,0
1360450,0
6855318,1
5970197,1
5614972,1
3593479,1
6596842,0
8242435,0
1506875,0
1193433,1
5612440,0
6964638,0
7756729,0
6600206,1
8465032,0
7032659,1
5475328,1
4291730,1
8267883,1
6100099,1
7985078,0
9172181,1
8034543,1
2321847,1
4000214,1
5654262,1
4558810,0
4154457,1
2676663,1
7794799,1
2274400,0
1389080,1
2126085,1
7693181,0
3936907,0
2330199,1
6609647,1
6415552,1
8373846,1
3974260,1
6765777,1
3661668,1
8636438,1
7445400,0
6026257,1
4364280,1
3259810,0
6183504,0
8320206,1
2582496,0
2676384,1
2433745,1
9243301,1
9930976,1
5792630,0
7302208,1
5872961,1
5521623,1
4198575,1
4159124,0
3754545,1
9914588,1
2466043,1
7845110,1
5284147,0
2421470,1
9835418,1
4399205,1
5055442,1
5315737,1
5102813,1
9947115,1
9639525,1
7994396,1
9519589,0
1350115,1
7360493,0
6705898,1
6870116,0
3696086,0
7253272,1
9601245,1
1630781,1
4865551,0
8821909,1
6442130,0
3860904,0
5451046,1
7836701,1
6799951,1
7516530,1
4799342,1
3861016,1
1540097,1
2461825,1
9205251,1
7181179,1
6667809,1
7246016,1
6067865,1
9417319,1
7981315,0
8451529,1
8618241,1
7230184,0
3565617,1
7243487,1
2718857,1
8048278,1
3627975,0
3449424,1
2275194,1
7011304,1
7455294,1
2844603,1
4230768,1
9198569,0
3181425,1
4649051,0
9042392,1
7878155,0
9097749,1
9526861,1
2681717,1
1889835,1
7971263,1
7570283,1
9382240,1
6203888,1
5520600,0
5476202,1
3561896,1
5065196,1
5615858,1
1899606,1
8949616,1
8119153,0
6148809,1
7209182,1
7153056,0
3231557,1
6782651,0
7080950,1
5467388,1
6140035,0
2688200,0
5038783,1
1940966,0
2978039,0
9326111,1
7773434,1
9303594,1
6816128,1
9485609,1
3395784,0
4249947,0
9569215,0
3971256,1
8599423,1
5572230,1
6908877,0
8168386,1
3496429,0
4470982,0
1240627,0
3405311,1
4305664,0
3309868,1
2441448,1
2812974,1
7849413,1
8665409,1
3022377,1
9427493,1
5406017,1
1608905,0
8197072,1
5009977,1
2522839,1
6196216,1
5044162,0
7601072,1
8976430,1
5820858,1
8449291,1
2679468,1
6480975,1
1697143,1
8485347,1
5539084,1
8822417,1
4419957,1
7865056,1
1260678,1
3599861,1
1281617,1
2521870,1
5605099,1
9399583,1
8200745,1
2666178,1
4567530,0
9767899,1
5132895,1
2644658,1
8896746,1
3499135,0
7944406,1
8051317,1
2399717,1
7334117,0
7519009,1
1180245,1
5538627,1
3516725,1
4731944,1
6912266,1
5983419,1
4072818,1
5180861,1
7802974,1
4605763,1
8941541,1
4860671,1
3022673,0
8846971,1
7049079,1
5459055,0
3594726,1
3834882,1
7128024,1
1646108,0
2055383,1
1696056,1
6975384,1
5070275,0
8611759,1
7331510,1
7325985,0
9216838,1
8469936,1
4931298,1
5525200,1
6618312,1
1786115,1
6293293,1
8554187,0
5553336,1
6662483,1
9555945,1
5498613,0
9269715,1
8723737,0
1943001,0
7453606,1
8878509,1
9302747,0
4735787,1
2279687,1
8147927,1
7123147,1
2342195,1
9891158,0
7248231,1
8736434,0
9419342,1
2649875,1
2525033,1
7477051,1
7870411,1
9862297,1
5603005,0
8110028,1
5005933,1
7146815,0
3952149,1
5935313,1
6451509,0
7532901,1
9935421,1
2103574,1
4232497,1
3730256,1
1268373,1
7378778,1
8497364,1
2665699,1
4624701,1
5750397,1
8603874,1
7641807,0
3024822,1
5275131,1
3468504,1
1244977,1
5462238,0
3272202,0
6329147,1
1434108,1
8752059,1
6509913,0
4214217,0
2655551,1
6948611,1
5012758,0
6214480,0
3695098,1
4749865,1
9773694,1
9174934,0
3891162,1
6325426,0
3105184,1
6047684,1
7672501,1
4071247,0
8514437,1
3100310,1
7909069,0
4143217,0
3174059,1
6109559,0
1914997,0
6882929,1
4725309,1
3718933,1
4988855,1
8227931,1
4447865,0
5646234,1
7687628,1
7154524,1
4268326,1
6496745,1
6324098,0
3305968,0
6104387,1
2856902,0
9997079,1
5679860,1
1181852,1
4898709,1
1416638,1
3669963,1
8241246,0
4413253,1
3046633,1
8407618,0
9353906,1
7783492,1
2243954,0
7427648,0
6679127,0
6233109,1
6707064,1
4720692,1
2349475,0
6239886,1
2396266,0
1288861,1
5048594,0
8498876,1
9050242,1
1777385,0
7622403,1
2757716,1
4239965,1
9751257,1
3053189,1
3452404,1
5847364,0
7994550,1
6256822,1
8661146,0
2758083,0
9928345,0
6212043,1
8496202,0
3681692,1
5347274,0
8124377,0
8107297,1
9386569,1
3745466,1
1748676,0
4554428,1
7435948,1
4573399,1
7658243,1
4209373,1
3011031,0
8377582,1
4024621,1
7650908,1
1400006,1
6549007,0
2275305,0
1290716,0
2532284,1
7580580,0
8583559,1
5232109,1
2465159,1
7732884,1
8967106,0
1551978,1
5196973,1
5150035,1
9728054,1
9272716,1
1402020,0
9250707,1
9367264,1
7747657,1
5042580,1
7039871,0
6692498,1
8703490,1
9897905,1
5412668,1
4748645,1
1355037,1
9847212,1
5976059,1
1129318,0
8773281,1
1720264,1
8442401,1
9185608,1
7023241,1
1951021,1
5308649,0
9440646,0
2131189,0
8160818,1
6365641,0
3652322,1
5728181,1
5676159,1
5375551,0
1516787,1
4594234,0
2245657,1
8381238,0
3058157,1
4609328,1
7291950,1
2430824,1
5289653,1
6428960,0
9369765,0
4413412,1
2510795,1
9950212,1
9960168,0
1247101,1
6734912,1
9466765,1
4210106,1
1926599,1
2156972,1
4015802,1
3740749,1
8329062,0
8201965,1
1765539,1
1617560,0
7744034,0
4289485,1
9495789,1
2848703,1
3867704,0
5906674,1
1126095,1
2208775,1
6061003,1
8248243,0
3938386,1
1962312,1
5825882,1
8223080,1
9672722,1
2977867,1
2582623,1
7028079,1
2775708,0
9830525,1
6422199,0
1242808,1
2136909,1
4182626,1
8206766,1
7617424,1
1956225,1
7281612,1
6875382,1
1455570,1
3476072,1
9498551,1
4566788,1
5059629,0
4269754,1
3771306,1
4673208,1
6177148,0
3488280,1
1433846,1
1476485,1
5906851,1
3756943,1
9732492,1
2972500,0
3729459,1
4630544,1
3912123,0
6527858,0
6690704,0
5180782,1
7828310,1
1647522,1
2326526,1
7343279,1
1495666,0
3697399,1
8568115,1
8516100,1
3138650,1
8359287,1
5703302,1
6096882,1
6762350,1
6999151,0
2011971,0
9816572,1
2452316,0
7143065,0
6242546,1
3788970,1
7711995,0
5683717,0
9475523,0
1568064,1
6764884,1
2077477,1
4396595,0
3830007,1
3829980,0
9130880,0
8169991,1
3301744,0
5146886,1
9333325,1
2483893,0
8822859,1
5950333,0
7815404,1
5916217,1
1355880,0
5034728,1
7590170,0
2324302,1
7149588,1
8145662,0
3402629,1
9013717,1
6544288,0
9271147,0
7700002,0
2432897,0
2366882,1
8116515,1
9861185,1
6863877,1
9418896,0
7170005,1
6852111,1
1886137,1
3620694,1
3838831,1
5439651,0
5112535,0
4795693,1
9198599,1
3233641,1
1717503,0
7052309,1
9397620,0
2579283,1
2202472,0
3056628,1
1349042,1
6933315,1
1711919,0
1197854,1
3990544,1
4856844,1
8976142,0
8368786,1
9503794,1
2007270,0
1879258,1
8835174,1
7206524,0
9546961,1
2297362,1
7674228,1
2221723,1
6007432,1
2409237,1
8257766,1
1903235,1
6647603,0
9217693,1
5296805,0
2604236,1
4232280,1
7155922,0
9010265,1
2173521,1
7850970,1
4540452,1
1144570,1
4074385,1
6337010,1
9588439,1
5183654,1
3932926,0
8437442,1
5456380,0
1817380,1
7160016,1
8532367,0
1749971,0
1785093,0
1138867,0
5565754,1
3941958,1
8778326,1
9237212,0
4215528,0
9012526,1
6844032,1
1864707,1
7968388,1
6128462,1
7502252,1
1953751,0
8752583,1
9463182,1
4384809,1
6544059,1
6906940,1
6372834,0
3786895,1
9485770,1
1190771,1
3841896,0
3263198,0
6724833,0
7095643,0
8517438,1
7507843,1
5414278,1
2881304,1
8996752,0
6573545,1
3626392,0
2903810,1
4208008,1
8520222,1
8465064,0
5824271,1
4159017,1
5380108,1
2342797,1
5961175,1
3212393,0
3870156,1
5920105,1
1811589,0
2887588,1
4778732,1
9835284,0
9937850,0
9865705,0
5894257,1
6781131,0
2501354,0
7715875,1
7491504,0
4699758,1
1247155,1
6702038,1
5595276,1
9295506,1
5905983,1
6854885,1
4015622,0
5398511,0
9396259,1
3793734,1
8746611,1
5813580,1
7866129,1
3748375,1
2678962,1
8471700,1
7238443,0
7526829,1
5540508,1
9356478,0
2961508,1
2200754,1
7428836,1
3545178,0
3626626,0
8684738,0
3472167,0
8573740,0
2553016,1
9890402,1
5166647,0
5641322,1
2067207,1
9869611,1
1244148,1
7319725,1
8842161,1
5018936,1
2313025,1
7645082,1
7031900,0
8123401,1
6362213,1
3310436,1
5157737,1
9977199,0
1419248,1
5815194,0
7299549,1
6059858,1
1512518,1
2165073,1
7864225,0
9717364,0
2245329,0
7911724,0
1511278,1
4427637,1
1357030,1
9045935,0
4087187,0
5468795,0
7778906,1
4576387,1
8698037,0
2895950,0
5126781,1
7551590,1
9019246,0
9067099,0
9816220,0
8116446,0
4458916,0
6712910,1
8832180,0
9867274,1
5596745,1
5374644,0
3418645,1
2872212,1
6808689,1
5669739,1
8879356,1
1994386,1
5152290,0
6626863,1
3109022,1
8879946,1
4356092,1
5859105,1
2082479,0
3507982,1
5623332,1
6998675,0
5715463,1
8726829,0
5861524,1
5270436,1
6340917,0
6191573,1
7222411,1
7624649,1
6561924,0
9278558,0
8369242,1
4930241,1
3452730,0
4666832,0
6075248,1
8907965,1
8665151,1
2991919,1
9450398,1
3625747,1
8226127,0
6886854,1
2695028,0
6805162,1
1229368,0
1408842,1
2260838,1
1461818,0
7449690,1
6027101,1
8239308,1
9545631,1
8087949,1
3034445,0
1659147,1
4209139,0
2441110,1
7800950,0
9571469,1
1434280,0
8320327,1
3325855,1
4805341,0
7750185,1
4660816,1
1730297,1
3380102,1
4196424,1
8739642,1
3220855,1
5543681,1
5658064,0
7784819,1
4274577,0
5816078,1
7170675,0
6696057,0
5764825,0
7524196,0
9189180,1
6109254,1
2546950,1
2654855,1
4189215,0
3624674,1
3042920,1
8149150,1
1377037,1
6609640,1
9540078,1
7201514,0
8072828,0
6129965,1
5648483,1
2595497,1
7951095,1
9508490,1
2059476,1
3183592,1
8407076,1
2300269,1
2807857,1
9903441,1
5611161,1
4673509,1
5896170,1
6088583,0
4315094,0
5072029,1
7507167,0
1811874,1
4703537,0
8604506,1
6119414,1
4804554,1
7596366,1
6604542,1
9253440,1
4461958,1
6159208,1
1962509,1
1563190,0
8179521,1
7938073,0
8564170,1
8628182,0
7663979,1
6885056,1
6381938,0
1827946,1
6387530,1
6517370,1
7240785,1
4112359,1
9428472,1
8751587,1
3874846,0
3538463,0
9466607,0
6495937,1
6944512,1
7243893,1
9007266,1
9452515,0
2505324,0
6438728,1
4228071,1
5783610,1
7721719,1
6432907,1
7010546,1
7616296,0
6058293,0
5851297,1
5458247,1
6999834,1
6063011,1
9340804,1
7837214,1
4499284,1
9815691,0
8014983,1
3943571,1
7298970,0
9942673,1
9654528,1
8053680,0
3648763,1
7612251,1
7391062,0
5076156,1
9947260,1
9646989,1
1328854,1
5306013,1
5974592,1
1158839,1
3967050,1
3644336,1
8294168,0
3057327,1
5288186,0
5674863,1
7909583,0
7972282,0
4468389,1
4139909,1
3365315,1
3945988,1
2002406,1
7235449,1
5461425,0
3328636,1
3756938,1
8254052,1
3276281,1
3864706,1
9910027,1
3073611,1
9876644,1
9393416,1
2104507,1
3322409,0
4195147,0
6834293,1
7283877,1
8633976,1
8436143,1
2487889,1
5864293,0
9139722,0
8461453,0
4537647,1
3665830,1
3291124,1
2824879,0
8304470,1
9180385,0
4785333,1
9775537,1
3298099,1
8024169,1
9488135,0
5967375,1
3357443,0
3910244,1
8248406,1
4496088,0
4467714,1
2179516,1
3659756,1
3659564,1
9550574,0
4709957,1
7840825,1
4625530,0
2894498,1
9706303,1
2509245,1
1796876,0
8619890,1
1980995,0
9082757,1
9593991,1
5958266,1
7553286,0
7495287,1
5946823,1
9358531,0
9736101,1
1276664,1
7554321,1
9516010,1
7929926,1
4271290,0
7932878,0
9596129,1
2296574,1
9244966,1
5550420,0
1424382,0
3260507,1
9182732,1
2663610,1
2285292,1
1915245,1
6427414,1
6392604,1
5300934,1
6066242,1
2292031,1
7470646,1
8980712,1
1534836,1
3196838,0
3658475,1
9360291,1
4575540,0
7646486,0
8782098,1
6340520,1
3652557,1
9255435,1
3469689,1
6517550,0
1397607,1
1676153,1
8284409,0
4609088,1
5079638,1
8251990,1
3443301,0
3540663,0
2186090,1
5630836,1
3260639,1
8724846,1
9788984,0
7712194,1
2690451,1
3629073,1
2728084,1
4582880,0
5587329,1
7459904,1
6124584,1
2474066,1
8122976,0
2253141,1
8273900,0
2515502,1
1894774,1
7161913,1
2436861,1
2931138,0
4455352,0
1201456,1
1485402,1
6923875,1
5142052,1
2688157,1
2430137,1
6741643,0
3408825,1
3790391,0
1178069,0
9191502,1
3116318,0
4937126,1
9743338,1
6806275,1
5930643,1
9257957,0
4908543,1
9672923,1
6173810,1
4866605,1
3059398,1
5544508,1
6342799,0
2795672,1
4659922,1
5528522,1
8714473,0
7465269,1
9522560,1
4989497,0
4941767,0
7536597,0
7721689,0
7148529,1
5310780,1
4246305,1
4129879,1
9517537,1
2160947,1
1935896,0
2548317,1
7614011,1
9193664,0
7785233,1
5190565,1
7191801,1
3595886,1
7962497,1
3160335,1
6639702,0
6084115,1
7313808,1
7849432,1
4199855,0
1948787,0
6156266,1
7906231,1
8412823,1
3211238,0
6392569,1
2699257,1
1797218,0
3836366,0
8212261,1
7466499,1
2326015,1
3718260,0
3798187,1
7543301,1
9521547,1
2062070,1
8467391,1
4768671,1
4710118,1
3300018,0
5385784,0
4400553,0
8897505,1
6591652,1
6254543,1
6721305,1
7427194,1
3629290,0
9907648,1
3622761,1
6439407,0
5058179,1
2206211,1
8999585,0
3504448,0
3386266,0
4009644,1
7815577,1
5404622,0
4400501,1
7859535,0
4565159,1
7754293,1
6923321,1
8417314,1
2251250,1
9114668,0
8637996,0
5118265,0
2295732,1
3765867,0
5661686,1
3719323,1
6877208,1
4175447,1
3588895,1
5213970,1
3905472,1
3515050,1
5050009,0
3860517,0
1831812,1
1978673,1
9914388,1
2646936,1
4726022,1
5605286,1
1355802,1
4826108,1
9032767,0
6360637,1
4410603,1
7922602,1
6023682,1
6025878,1
1568013,0
6690224,1
2311022,0
6105733,1
7294728,1
2113306,1
5352565,1
1872495,1
7571446,1
3873417,1
5016281,0
3541120,1
8498027,1
6319513,1
1182404,1
7922747,1
9357660,1
1335180,1
9302647,1
5246035,1
8892710,1
6054693,1
6908916,0
5424908,1
6565926,0
9863746,0
9669300,1
8559241,0
3231487,0
7843067,1
2112347,1
2837947,0
8743288,0
9146829,1
3351814,0
7158249,1
9253779,0
3845536,0
1850524,1
7061012,1
6129630,1
2270826,1
4754380,1
9508006,1
2455954,1
1907324,1
2708689,0
9873932,0
2321230,1
5950454,0
9546123,1
8032478,1
6006328,1
6232891,0
2602703,0
8051549,0
4109948,1
5436253,0
8476817,1
7228024,1
2121065,0
2319593,0
9800158,1
6442289,1
8185861,1
1287599,0
8687878,1
6832611,1
4396065,1
7587772,1
9381809,1
5454077,0
2557147,1
9014260,1
9148959,1
2965710,1
6228707,1
8868441,1
9561933,1
2963988,0
4256678,1
2461936,1
2799023,1
3715812,1
5164096,0
6561306,1
1876314,1
4026974,1
2347080,1
6898345,1
7883388,1
9678495,1
5996042,1
1701800,1
6512288,1
9562485,0
8710934,1
5235527,1
6220263,0
3198691,1
1132925,1
2252883,0
3027536,1
1258618,1
4035165,0
9553891,1
4924478,1
7607883,1
9478708,1
4767884,1
8135797,1
5571928,0
1895611,1
6605678,1
7739788,0
2864365,1
7945852,1
4685007,0
3642728,1
4073023,1
5921407,1
1775632,1
8337500,1
6436269,1
7553595,1
8260159,0
5983170,1
5373984,1
4946202,1
8074463,0
7902798,1
9741410,1
2062985,1
2010779,0
8430159,1
2846930,1
2293670,1
1555530,0
4162898,0
5219473,1
3579592,1
3747190,0
2177904,1
3243212,1
4958485,1
5288372,1
3617361,1
7068667,1
6795934,1
7870491,0
1992532,1
9335439,0
1716982,1
5479572,1
2516039,0
3060663,1
8983029,1
6084362,1
2619145,1
7105394,1
5138776,1
5444695,1
8611567,0
8221810,1
5625273,1
5858970,1
4792359,1
1824453,1
5659068,1
5520614,1
5039370,1
9902737,1
9570193,0
5393088,0
9168444,0
7271427,0
6649411,1
5538955,1
9207379,1
3187124,0
3005830,1
4924249,1
2145084,1
6577840,1
5919034,0
2796161,1
4758854,0
2155854,1
6289093,1
4515871,1
8031036,1
6959474,0
5862241,1
7233803,0
9798176,1
8528282,1
1577536,1
5946621,1
7925364,1
2347205,1
2079519,1
8391126,0
2244989,1
6565160,1
1128481,1
9761312,1
4309344,1
5134523,1
5053074,1
2486137,1
1332043,0
9516409,1
7413162,1
3198546,0
3858595,1
8798902,1
9329805,1
2992318,1
3828263,1
6541600,0
2148138,1
1507196,1
2625375,1
2030152,0
5072325,1
7327957,0
3129466,0
6077756,1
4416683,0
7880890,0
9905870,1
2188701,1
7964730,1
9721171,1
4853043,1
5122446,0
8942001,1
3766910,1
9611545,1
1316037,1
6560767,1
2812308,1
4293106,0
8071665,1
8610275,1
2763784,0
2216744,1
8731731,1
8603049,1
9491376,0
5594856,1
3618946,0
2819716,1
8134652,0
3866685,1
8959102,1
2215731,1
9159408,1
3283363,0
8021912,1
7898316,1
9405901,1
9773234,1
3182212,1
5295674,1
3136025,1
9987919,1
6602638,1
4172555,1
6921317,1
5216265,1
9312013,1
3689754,0
7467134,1
8757758,1
8943740,1
3248799,0
3121424,0
6627376,0
8981080,1
7575708,1
3319579,1
3714143,1
8512888,0
3056694,1
4652321,1
7692174,0
6297074,0
6696186,1
6181308,1
9385388,1
8249340,0
7765812,0
3565458,1
7046075,1
9221771,0
7080966,1
5523365,1
8493679,0
9765233,1
2545018,1
3620638,1
4352796,1
9253337,1
2971351,1
6627196,1
1365132,1
7804377,1
7900817,0
4311078,1
5053316,0
1837680,1
2387730,0
8737619,1
3849227,1
2866606,1
7298024,1
9629030,0
3716619,0
2126096,0
4667758,1
2086412,1
6494087,1
2416364,1
2396832,1
5112372,1
7373311,0
6868520,0
1246620,0
3942927,1
8605667,1
2192862,1
7959130,0
3451510,1
7179468,0
6243443,1
9989492,1
4114674,1
3758842,1
6454192,0
9627999,0
8812435,1
3513891,1
4858104,0
8563158,1
7431279,0
1756441,1
6641071,1
6607660,1
1494334,1
6401987,1
7965638,1
4178473,1
8035321,1
4858045,0
9627888,1
8357317,1
7951112,0
6921094,1
5880221,1
1212490,0
3032709,1
6094795,1
9545483,0
4836407,1
4895105,1
1833013,0
4648453,0
9933607,0
6169560,1
4432534,0
9299606,1
4977888,1
8668886,1
5597142,0
4250867,1
1875643,1
2667361,0
1853182,1
1808576,0
8679837,1
6588275,1
8775859,1
5666242,1
2520136,1
1387114,0
1686924,1
9494509,1
3555244,1
5428085,0
9318185,0
8152537,1
5021692,1
3624350,1
9706390,1
1360986,1
9492322,0
9780756,1
3030497,1
2943802,1
5053197,1
2228046,1
8270255,0
7470766,0
8888365,1
8882648,1
7615267,0
8499547,1
5080857,0
2968398,1
8840074,0
7786256,0
8587089,1
9675443,0
9748682,0
3531424,0
6682486,1
2479757,1
1242917,1
7288574,1
1755070,1
1288219,0
4091154,0
9946002,1
1974521,1
1845211,0
7335293,0
5169066,1
9103046,1
4920209,1
2801383,1
6384026,1
7623375,1
7685809,1
4659070,1
2241945,1
3234643,1
5709906,0
8450010,1
9758582,0
9708279,1
2390585,1
8705035,1
8888778,0
1738253,1
6215400,1
2775081,0
4934986,1
9043357,0
5931466,0
2556863,1
3813074,1
9960810,1
5056940,0
2635328,0
9340922,0
8761166,0
5852387,0
7681316,1
5428956,0
2849637,1
2025629,1
2946593,0
1557328,0
7282387,1
6913681,1
2488759,1
1550976,1
5859838,0
6339660,1
4147186,0
9545555,1
5505861,0
6653668,1
9991575,0
7157195,0
2346583,0
5693661,1
6170808,1
5113098,1
6136587,1
4232677,0
8251253,1
8249915,1
8380190,1
8645013,0
9071787,1
8389669,1
2366936,1
6935065,1
6815759,1
7840753,1
3407487,1
2146453,1
9869441,1
4210547,0
5851407,0
4564003,0
4942690,1
6881872,1
5597132,1
1323429,1
1541693,1
6548753,0
8374247,1
9348662,1
5263009,0
1977707,0
4981118,1
6467520,1
1911558,1
3048722,1
1672273,1
2236307,1
6177103,0
6097797,1
6655755,1
1161631,1
3406696,0
7882138,0
6666896,1
4233456,1
3429341,0
1934953,0
9067129,0
6844843,0
2667259,1
8972076,0
6176610,0
3304606,0
7118808,1
1280303,0
7741900,1
7636562,1
1401509,0
5266388,0
8590015,0
9177335,1
6916714,1
2391215,0
1513936,1
8468514,1
7478282,1
6557031,1
6226459,1
3843798,1
2552950,1
6899813,1
2195206,1
9247214,1
8861663,1
3529978,1
2375201,1
8075124,1
2969102,1
9051563,1
2095152,1
2477128,1
4209463,0
3234356,0
6433743,1
2059195,1
8755705,1
4642878,1
4204885,1
1406399,0
6616531,1
6603977,0
5972150,1
6718938,0
4488073,0
8988820,1
1667975,1
5246059,0
9503227,1
2028881,1
3175935,0
8240485,0
6734986,0
5008370,1
3307374,0
3307669,1
2663965,0
4783080,1
4326014,0
2653312,1
4670705,0
1384213,0
4324297,1
3797859,1
6803658,1
7983575,1
4408412,1
4183957,1
3456612,0
7822189,1
1946181,1
1708997,1
9025030,0
1335348,0
6221549,1
7413455,1
3289449,1
4322131,1
9002293,1
1951911,1
8062111,1
3642612,1
2260131,1
4623040,0
6335022,1
2082938,1
6989408,1
9690275,1
1482655,1
1207693,0
2207020,0
3684865,0
3961100,1
2497478,1
3891525,1
1794156,1
7076004,1
6999008,1
2663108,1
5957125,1
4357872,1
2444316,0
2249022,1
9577374,1
6986020,0
7901285,0
3959832,1
6693627,1
9158593,1
7699686,1
1637549,0
3971906,1
7787556,1
1428804,1
4535011,1
2579639,1
7846676,0
6656130,0
2174338,1
4273093,0
9127017,0
9302604,1
8331581,1
3032689,1
6007612,0
2187679,1
2031117,1
3844460,1
3128441,1
7868646,0
1742991,1
2729605,1
5152062,1
2765008,1
3379342,0
8854241,0
3452459,1
9256297,1
2744562,1
3364188,0
1739058,0
5538119,0
6231617,0
5574181,1
4220600,1
9345012,1
3888641,0
5324516,1
2474299,1
3962438,1
3406573,1
9377138,1
2388439,1
4426721,1
2452241,1
6642661,1
2294017,1
1564390,0
2443158,1
9212516,1
7740164,0
1784273,1
5298040,1
8602273,1
8075557,0
7294078,1
3929295,1
6831467,1
2216605,0
7943638,1
5400216,0
7172541,1
9283293,1
3574088,0
9520708,1
6308893,1
4410297,0
4130562,1
2480287,0
8980526,1
5834063,1
7842967,1
2892625,1
5155850,1
5550708,1
8214533,0
4964083,1
4412283,1
4885843,1
9648901,1
3051076,1
9067388,1
8191660,1
5339472,1
7270004,1
3223601,1
6043898,0
9070828,1
1888874,1
3874797,1
1615190,1
5406125,0
2478058,1
4982590,1
2839880,1
7257232,1
8961136,1
3707826,1
9182767,0
3684982,1
2026466,0
7931654,1
1825484,1
1143589,1
1988811,1
4380680,0
6444637,1
8796722,1
2960158,1
2219631,1
4071699,1
4059281,1
2946614,1
7747006,1
4777874,1
2042651,1
2764172,1
6938384,1
9810305,0
5347548,0
8032566,1
4912780,1
1583244,1
8782802,0
5402767,1
3900423,1
5754005,1
4012088,0
5928639,0
3505854,1
3694156,1
3792979,0
5445228,1
7985076,1
5450992,1
8836792,0
8367561,1
6294843,1
7271897,1
8874482,0
5491983,1
6998036,0
3692126,1
6002045,0
6815957,1
8906143,0
3922976,1
3496700,1
6458491,1
7398587,1
5404004,1
8412904,0
8140444,0
8252225,1
4301617,1
2120933,1
7575344,1
8778549,1
1755670,1
4354253,0
2605748,0
3644917,1
9948649,1
9449654,0
5781497,1
7389178,1
5176436,1
8018275,1
4758767,1
3247466,1
7651246,1
6385966,1
1719132,0
9112106,0
3670506,1
3980315,1
5636119,1
6330326,1
3828726,1
9972913,0
1925532,0
9099788,1
7274542,1
3895975,0
3536096,1
3132558,1
7924528,1
8878152,0
7540521,0
3175524,1
9613276,0
7064496,1
5564247,1
9604828,0
7022351,1
5477219,1
7589028,1
5758095,1
5189217,1
2878184,0
3339076,1
4067343,1
2984517,0
1177674,1
9188498,0
6974281,1
5052672,1
3544761,1
8477143,1
7793125,0
7928408,1
9135071,1
9230561,1
6491089,1
6923898,1
5365047,0
1462545,1
3601410,0
9693569,1
7963037,0
9858719,1
1529797,1
1251451,0
7762975,1
5706435,1
8705955,0
3935739,1
1793910,1
4487767,0
9061232,0
2924216,1
2118254,1
2686648,1
4778697,1
3861652,1
9680016,1
6123742,1
3514082,1
6765853,1
5796603,0
5733654,0
2243321,0
2639403,0
8349381,1
6415111,0
6588388,1
6857011,1
3662975,1
2210758,0
1514335,1
5910557,1
2627818,0
9837553,1
8136188,1
1200246,0
3593448,0
9228867,1
9953374,1
1145054,1
9891367,1
8630080,1
8060454,1
5329414,1
6225845,1
2983128,1
5191913,0
3050582,1
1252740,1
6485739,1
3707647,1
1978714,1
6043703,0
9523629,0
3298307,1
8617359,1
9588323,1
2299516,1
6174257,1
4831762,1
2441034,1
5110818,0
9712511,1
7072887,1
5444680,1
1751085,1
8040070,0
2518194,0
1659407,1
4356178,0
6182560,0
1490827,1
7242015,0
4359847,0
3246464,1
1259264,0
5872598,1
8357548,0
2335678,1
9294706,0
4877365,1
2467742,1
8576960,0
2280093,0
8547864,1
1826913,0
4866461,0
8950214,1
1545317,0
3401653,1
6474551,1
7555257,1
7055429,1
3076018,1
8916096,1
7795851,1
8768915,0
3626798,1
8536950,1
6728550,0
2953172,0
4600529,1
9826791,1
7522131,1
3676252,1
4998873,0
6497005,0
2543585,1
5328150,0
3007881,0
4170139,1
2252325,1
5268477,1
5015698,0
5277329,1
8000190,0
4388912,1
8839318,1
9419110,1
5645170,1
7834615,1
3978995,1
8620703,1
7527673,1
1922357,1
4954320,1
2940077,0
1643682,1
7864247,0
4614898,0
9811833,1
4938339,0
2552737,0
8489391,1
2704665,0
9266365,1
5398177,1
6154552,1
4337651,1
5308315,1
7726670,1
1708827,0
6800778,1
5711211,1
8365409,0
5099395,0
9486604,1
7220668,1
9108664,1
2895294,0
5215889,1
2026219,1
3706419,1
4926108,1
3756483,1
1497182,1
3621427,1
8785629,1
6467183,1
1871010,1
3437002,1
8329554,0
6796489,1
2790397,1
6756324,1
7266091,1
6384282,1
8974068,1
4053162,1
1986853,1
1782649,0
1348769,1
1527540,1
8549071,1
4886603,0
6253165,0
2226747,1
3213771,1
9260701,0
4533648,1
2514545,0
4454629,1
4034211,1
9851081,1
7572388,1
1961959,0
7917650,1
6559558,0
8944099,1
9433638,0
5364190,0
5255804,1
6750166,0
6138228,0
6752970,1
2672861,1
6635427,1
8401205,0
7713625,1
6441322,0
4528661,0
3278698,1
2922143,1
9448670,1
1179371,1
7977670,1
7695900,0
9321127,1
2813016,1
4176804,1
6333312,1
6438675,1
4988111,1
4215100,1
6652410,1
2045014,1
5797590,1
9902157,0
9320741,0
7350975,1
6755440,1
7902940,1
1730744,0
9282019,1
1576832,0
6003019,1
6719033,1
1940737,1
4432252,0
8338737,1
1939070,1
2598484,1
3201528,0
2722090,1
2065623,1
2397971,1
6832030,1
9729726,1
4508879,1
6676431,0
1893322,0
2914319,1
9788704,0
4412119,1
3325574,0
6427339,0
8110097,0
3475487,0
3923466,1
7723740,0
9365861,1
4528913,0
2993031,1
5291439,1
1956414,1
7865409,0
8591502,0
4590592,1
8809824,1
5560222,0
2508464,1
5792720,1
2879631,1
2301792,0
9312161,0
9210535,1
3522903,0
4035953,1
3221271,0
7824982,1
7413717,0
3265344,1
4460164,1
5015391,1
9295615,1
5888595,1
8487670,1
2014235,0
5669638,1
1633372,0
1549005,1
8057166,1
4220947,1
6020401,0
9480146,0
1721006,0
6387363,1
3805042,1
6662197,1
5042511,1
6375893,1
7850197,1
3399898,0
6510929,1
7296896,1
6658485,0
7871329,1
1537488,1
3433087,1
2744012,1
9624565,1
4820694,0
3374802,1
9108490,1
3292828,1
6093319,0
9263090,1
5452383,0
4752872,1
7544289,1
9806402,0
3985854,0
8239574,0
2266114,1
5262127,0
2263809,1
2276812,1
7771949,1
6267734,0
4776939,0
4672690,1
5705788,0
4034490,1
6847309,1
3219211,1
9454259,1
9301398,1
1471825,0
2681656,1
2503278,1
8886271,0
7932741,0
1423581,0
1787305,1
8105042,1
4478593,1
5152437,1
1479287,1
7667351,1
6601170,0
7598257,0
6201348,1
4359874,0
5468240,0
7006244,1
1545293,1
7267959,1
4337362,1
6433638,1
8398278,1
1122180,1
4903905,1
1668050,1
2137057,1
7494666,1
3141572,1
2130650,1
8681896,0
3455358,1
4991361,1
5295712,1
8713649,1
2589583,1
8200135,1
2296766,1
5122138,1
1520230,0
3368275,0
5975172,1
3873271,0
3231412,0
4614659,0
8256030,1
8568636,0
3173661,1
6958196,1
5969771,1
1243337,1
7622712,0
4399183,1
8360133,1
3702483,1
2900247,1
1134301,0
7976763,1
7648129,1
8664665,1
1156509,1
9584407,1
4277597,1
8047267,0
9060974,1
8254456,1
2419644,1
6199059,0
5180211,1
2744946,0
6860478,1
1200725,1
6254409,1
3461583,1
6708385,0
1592113,1
9804907,1
7272081,0
9327061,1
4528114,1
8777906,1
6063900,1
9479866,1
8202011,1
2927895,1
7414096,1
4173611,1
5917923,1
8297983,1
6476749,0
4130868,1
6475973,1
7062673,0
4824446,1
9209911,0
8237633,1
9517407,1
2281902,0
2804306,1
3982482,1
7626114,1
3842509,1
4450094,1
3896273,1
3480129,1
9449857,1
1895502,1
4317957,1
3411350,1
4275737,1
3695602,0
4535704,1
6667990,1
6869537,1
4553244,1
3864319,1
1554451,1
5341236,1
2261114,1
8979665,1
8621198,1
7423503,0
8466742,0
5012495,1
5715086,1
8721982,1
4740850,0
3355092,1
7266147,1
2753911,1
6411447,0
7462170,0
8584815,1
2108323,1
1518855,1
1294284,1
9049953,1
7511399,1
7542908,1
4004768,1
1582693,0
3261203,1
2877534,1
1420673,1
9340197,1
5005004,1
2373059,1
5833056,0
7111980,1
9152187,1
6778967,1
5352761,0
8951276,1
3011355,1
5753541,0
5241072,1
9981890,1
4980605,0
5633353,1
2932491,0
3470476,1
6846738,0
7604784,1
7763958,1
9177398,1
5055705,1
6433844,1
7102347,1
5351766,1
1794511,1
1785984,1
2899585,1
6753477,0
7326959,1
5793027,1
5365059,0
3662194,0
7261261,0
9118955,0
3381865,1
5985085,1
2703973,1
4082003,0
6751731,1
9284689,0
3064146,0
9796523,0
7967755,1
2051391,1
2793145,1
2645312,1
8870962,1
7839925,1
4277765,1
1669035,1
6302079,1
4518574,1
2883067,1
3997273,1
6281390,1
1928531,1
2341234,1
8339735,1
4273472,1
2404314,1
6817387,1
5612086,1
1609604,1
6868167,0
4796831,1
3214755,1
8699375,0
8536437,0
8769433,1
3614995,1
7481486,1
8079277,0
7938583,1
6363074,1
2271376,1
2239553,1
3602861,1
6215553,0
7635274,0
4580327,1
7188255,1
3591088,0
2195909,0
7314191,1
8695758,0
7048911,1
7571693,0
2591822,1
3236617,1
9078702,0
7923340,1
7156999,0
1501956,1
7855395,0
5150224,1
7573925,1
8595205,0
7435729,1
6946773,0
7378244,0
9993238,1
2789275,1
1904777,1
1366102,0
6821749,1
4384176,0
2761798,1
9295791,1
1162109,1
4416142,1
4974091,1
6751732,0
8524144,0
7287153,1
4060585,1
8096663,0
7633660,1
6400357,1
7738779,1
4477055,1
1602395,1
9259633,1
4689104,1
7596349,1
3529263,0
5514077,1
9405021,1
7918774,1
4199546,1
9623123,0
6674900,1
9752542,0
8576362,1
8608792,1
9663525,0
2586596,0
4268982,1
1808381,1
7972912,1
5806631,0
4254891,0
9083456,1
3741287,1
8917811,1
2789765,1
6085923,1
6373422,1
7451830,1
6198128,0
4041634,0
3012408,1
9033642,1
2579410,1
6825132,1
4653746,1
3744390,0
9337125,1
3131397,1
7722255,1
7606927,1
2678212,0
3407819,0
8896461,1
8797776,1
5358201,1
3446226,1
9985941,1
4433388,1
9624523,1
8386359,1
1926987,1
1188562,1
8428600,1
2259188,1
1776587,0
5396804,1
3378944,1
3885976,0
8118005,1
6454733,1
3732311,0
4135559,1
3004057,1
6567202,1
8282909,1
3110151,1
9252803,1
6116629,1
8771222,0
6653143,1
3111559,1
9005261,1
4728035,1
4789962,1
1769696,1
6380422,0
7735163,1
2683418,1
2707463,1
4900069,1
9993735,0
3108297,0
2463098,1
2939303,1
9536712,0
4996008,1
9726288,0
5446239,1
6172838,1
2259938,1
9057665,1
2971650,1
2718065,1
5449724,0
9360799,0
3562994,1
9425256,0
9630565,1
7967268,1
4469594,0
6704186,1
3318805,1
5941911,0
3230890,0
8475873,0
3284563,1
4818736,1
9440875,0
2647498,1
9612358,1
1352463,1
2458647,1
5512577,1
7041457,1
2809357,1
9719509,1
6792093,0
4970871,1
2805033,1
7102248,1
4653318,0
1712100,1
4651838,1
4520677,1
8062910,1
6352584,0
4013389,1
5716025,1
8417450,0
7660629,0
9276048,0
5063891,1
4031371,1
6953366,0
8891219,0
1421645,1
1155940,0
9467154,1
3866430,1
7119336,1
4142228,1
1444428,1
4579853,0
9176157,0
4916863,1
6162618,1
5037549,0
9374113,0
6697202,1
6888443,1
5186838,0
5429264,0
4537463,1
8255568,0
2952136,1
6069032,0
3992881,1
8282314,1
7036084,0
7816523,1
9362818,1
8922901,0
7280244,1
5723134,1
7457611,1
6711553,1
3971844,1
2289694,1
3403960,1
3905786,0
1621943,1
2855782,0
3198477,1
7396175,1
4362621,1
3815068,1
6712397,1
7836182,0
9103093,0
2743281,1
1812435,1
3403057,1
3822560,0
3188995,1
8879452,1
8631653,1
2684692,0
9949620,1
9125150,1
4995457,1
8318145,0
4151025,1
7192314,1
2926609,1
6875827,1
6623317,0
8087038,1
9308378,1
6018931,1
2264034,1
5904754,0
7931957,1
5629245,0
9101075,1
5294010,1
7730629,0
4334804,0
6938563,1
4423370,1
9501322,1
8435183,1
8823846,1
5485010,1
3663753,0
8916872,1
6633237,0
1555334,1
6267058,1
5864490,0
9957124,1
5163290,0
1266886,1
5331758,1
1860674,1
1251957,1
8589502,1
2234624,0
8077268,1
7239614,1
7193982,0
2256675,1
8456599,1
4579144,1
6720637,0
8492398,0
6271578,1
8027306,1
4557385,0
9787566,1
5126387,0
3685585,1
4146121,1
4996461,1
6942440,1
4690119,0
7190485,0
6204520,1
9410673,0
4892263,1
5497436,0
4760146,1
8735572,0
4925769,1
4353591,1
3366105,1
1774647,1
2834327,0
6686278,0
9694874,1
2375263,1
3464938,1
4983559,1
2724740,1
3730732,1
1417628,1
1750105,1
5456065,1
9953378,0
4451533,0
1870079,1
5101551,1
1128264,1
9860252,1
1322198,0
6799288,0
8388746,1
8417554,1
7633581,1
8123205,0
6980316,1
4987868,1
4826515,0
4706759,1
1944311,1
3344964,1
5178074,1
5306999,0
1136836,1
3179581,1
1216772,1
9102226,0
3777405,0
9759822,0
6531124,0
7869262,1
5714682,0
2352669,0
8561749,0
4599943,1
1606153,1
5940005,1
8578342,1
2434655,1
9061940,0
2641167,0
3234671,1
9087513,0
1577522,0
3592554,0
6719214,1
2512202,1
5748085,0
3512387,1
4154683,1
1245533,1
9844501,1
7336933,0
3422755,1
4887208,1
2305773,1
2587427,0
2343916,1
4693597,1
1892547,1
3823068,0
6417589,1
5761284,1
5218988,1
8975268,0
8952755,1
3528036,1
8813125,0
7407239,0
5306320,1
8994357,0
8006226,0
1977300,1
4311902,1
3564300,1
4357196,1
7379959,0
9915431,1
9719232,0
5365039,0
2617184,1
2230717,0
4095369,0
7034176,1
6968748,0
2757574,1
1750878,0
2198329,1
3298179,1
2984101,1
2978314,0
5114003,1
3528955,1
3107829,1
6844182,1
4291774,0
7749854,0
3918345,1
8044221,1
9644022,0
2575991,0
4869136,1
4963080,1
7604780,1
4920036,0
1556999,0
6889600,1
6421571,0
5248134,0
7633679,1
8184315,1
4159845,1
5596648,1
5911258,1
4015349,1
2304309,1
2368058,1
1145276,1
6343222,1
2664866,0
4515991,0
6277097,1
8590087,1
4667326,1
1492739,1
9403488,1
1414023,1
2835733,1
2250675,0
4994419,1
4804852,1
3898610,1
6686571,1
4886835,1
5543036,0
3995610,1
9651258,0
8007732,1
8942138,1
3128876,0
5719935,1
8507385,1
3534915,1
2336704,1
8239521,1
3170637,0
5182060,1
9084562,0
8281843,1
8066551,1
5960574,0
8199546,1
5337878,0
7932883,0
7280951,1
8338137,1
5006823,1
6245194,1
2308564,1
2844773,1
8269450,1
8467465,1
5633667,1
1846049,0
9098322,1
1280915,1
7518636,1
1533561,1
4986932,1
1821686,1
2361522,0
1326053,0
4939616,1
2656445,1
8153730,1
6552871,0
9010413,1
9513498,0
3909927,1
8681117,1
6751645,1
2992342,1
9939863,1
3315701,1
8822229,1
9594152,1
4209589,0
7642659,0
1310693,0
3694020,0
4799746,1
1780762,0
2747560,0
4345202,1
6517074,1
9627829,1
9488489,0
9684796,0
3901545,1
8722076,1
1144227,0
4966691,1
6522905,1
4765360,1
6439837,1
5838510,1
6958654,1
8050817,1
7282255,1
9534937,1
7226544,0
1871797,1
6837883,1
1829614,1
9349669,0
6596008,1
4365612,1
2130517,1
2170888,1
2823842,1
9527249,1
6914956,0
9571089,0
9920017,1
7021336,0
7152580,1
7788377,0
9196374,1
2197243,0
9666721,1
4495346,1
4366812,1
7599845,1
1754282,1
9316231,1
7999356,1
7210543,0
7759461,1
2606162,0
2679153,0
9785907,1
7466023,1
1204836,1
4428961,1
7345191,1
4473622,1
5482891,1
2664508,0
9246070,1
6124791,1
8795680,0
8492253,1
9667651,0
3318568,0
8868954,0
6812936,1
5101135,1
3957853,0
7253878,0
2809939,0
1322732,1
6980805,0
7345667,1
6748548,0
5637654,1
8440367,1
8934296,0
2512232,1
7551754,1
3555342,1
4958834,1
7038943,1
9355441,0
8268853,1
9073467,1
6612584,1
8224481,1
9851993,1
3407738,1
3233870,1
9359963,0
5252527,1
7583140,1
9053127,1
6349060,1
3356965,1
1294604,1
1389493,1
2546075,0
8742258,1
1944575,1
6552343,0
7747297,1
1677842,1
6443851,0
2568528,1
9654188,1
1148563,0
7065617,1
8145634,1
8228902,0
1733121,1
2500484,1
6792773,1
7105844,0
4935166,0
2864045,1
9799733,1
9056716,1
5522252,1
7755182,1
9870250,1
7997152,0
4755243,1
9820804,1
8625167,0
2770727,1
3004451,1
7487289,0
2013450,1
7014859,1
4142172,0
3514230,1
4713051,0
7561899,1
5377524,0
8036864,1
9672227,0
7359000,1
3541218,1
8608347,1
1801437,1
7503401,1
8296369,1
6145186,0
6260544,0
9490386,0
4729299,0
9967096,1
7682527,1
4802542,1
7981635,0
6601865,0
3024122,1
6031411,0
6120352,1
7667171,1
8033695,1
5295525,1
4556614,0
4419813,1
7362400,1
4948941,1
6703056,1
1576443,1
8118548,1
2953067,1
8490960,1
5710161,1
6187055,1
8812901,0
3824158,0
6575071,1
5160856,1
7388991,0
8401914,0
3708620,1
6239533,1
9523242,1
8695936,1
2854447,1
1160144,1
1971437,1
7626652,0
4966385,1
6939386,0
7018695,1
4949676,0
6361877,1
9846699,1
7485484,0
2916589,1
4700931,0
3005562,1
3707971,0
2536393,1
7634127,0
8845171,1
3331330,0
2943869,0
9212345,1
1484208,1
6075292,1
3003080,0
1352589,0
8149821,1
2161463,1
8352835,1
4861319,1
5032764,0
9322541,1
5474598,1
1586666,1
9215663,1
2878275,0
2524258,1
9814931,1
3143234,0
2532712,0
3719148,1
4657679,0
3966208,0
5264657,0
3301214,1
3568127,1
6089998,1
9052988,1
4608060,1
4917346,0
6032697,1
4276145,1
8192860,1
8336536,1
8344516,1
4067363,0
8598532,1
8056204,1
7507960,1
7807713,1
4299544,1
2574931,1
2483613,0
8668351,1
6335710,1
4704778,1
8578461,1
6948974,1
4844737,1
7155924,1
7416612,1
3084764,0
8446018,0
1922705,1
3762526,1
1769746,1
6597103,0
1330577,1
1591549,1
6318238,1
7177297,0
4774588,1
1980419,1
4684312,0
4092033,1
2320575,1
6031310,1
6942821,0
3064209,1
4338883,0
5968091,1
6128903,1
2762643,1
3461533,1
8040300,0
2038331,0
4928009,1
2764329,1
9441381,0
9403565,1
2764713,1
4233382,1
2744698,1
5804142,0
2848275,1
7679860,1
7570065,1
4194437,1
2599493,0
4579061,1
6794294,1
5884741,1
2217157,1
1281196,1
5238268,1
2992666,0
5950993,1
4133601,0
3199585,1
7776793,1
4962669,0
5150278,1
9254375,1
1705652,0
8211076,1
5422712,1
4717863,1
3127767,1
8342956,0
8427471,1
1429598,0
3986511,1
1555845,1
4752387,1
8156469,0
1390792,1
2539297,1
2159446,1
5438049,1
7486442,1
8651777,0
4640527,1
4773618,1
1258322,0
5327847,1
1299752,1
6331630,0
7598990,1
3338100,1
4724230,1
8354534,1
2958300,0
7831290,1
8646976,0
3816674,1
4012091,0
3744366,0
1213814,1
4181196,1
1735624,1
6335524,1
6950845,0
8307727,1
2913793,0
9692379,1
4448450,1
7585715,1
8776914,1
6820192,1
1472443,1
6770552,1
6856447,1
5089432,0
5466208,1
7079192,0
5457091,0
4609654,0
3402304,0
2634939,1
8384036,1
2365443,1
4241182,1
3548464,1
9062303,0
9293988,1
5078187,1
4371372,1
9888024,1
6543522,0
9957540,1
7365175,0
1576332,1
5554579,1
6748231,1
4207044,0
4233196,1
6476452,1
6941905,0
1534863,0
8144585,1
8087806,1
4004929,1
6749028,1
8738165,1
7590746,1
4785204,1
1415770,1
4081550,0
1309896,1
5791211,1
5789104,0
7486573,1
6443576,1
4099945,1
4586338,1
4221386,0
3665090,0
1990772,1
5014326,1
5632230,1
5970118,1
2029985,0
6838269,0
2627764,1
3362397,1
4208822,1
6388113,1
2489333,1
8474947,1
5175099,1
1651864,0
7038807,1
1597418,1
7081751,1
8190239,1
2622816,1
2071151,1
2636221,0
9133685,1
5062443,1
8466393,1
2298747,1
3271967,0
8498536,1
5602095,1
4658654,0
2628233,1
1151686,1
8691642,1
3843641,0
9909572,1
9945919,1
2045139,1
4355780,1
9671308,1
3854940,0
1187222,1
9132577,1
6596606,1
5134683,0
7170751,1
3070270,0
5954765,0
9580434,0
9439256,1
5462464,0
2197802,1
6821260,0
7889718,1
8870966,1
7705140,1
3430102,0
5756528,1
5413098,0
6388326,1
9732880,1
8979364,1
7127742,1
3460731,1
5414740,1
4055000,0
6936964,0
3080768,1
9514955,1
9130263,1
7732136,1
5017817,1
3665744,1
7703671,0
7348183,1
4636247,0
6267619,1
3771172,1
2367586,1
1771595,1
1140347,0
8002854,1
5075334,0
7371297,1
6888350,1
7297689,1
4012045,0
7198255,1
5734257,1
6046435,0
7721988,0
1385249,1
7260963,0
6103965,0
3891321,1
8984413,1
2539050,1
2148427,1
3754944,1
9889186,1
3214515,1
1253760,1
4887740,0
3080600,1
7025726,0
4525132,1
1730588,1
3002879,0
3340024,1
9138109,1
3744803,1
6425104,1
3959134,1
8651549,1
1564980,1
1721010,1
8424621,1
6561141,1
5880095,0
1990020,1
4737486,0
6230124,1
8916461,1
3047896,1
4365232,1
4764124,1
2918860,1
8659947,1
1655989,1
6030501,1
4220012,0
1918583,1
8424171,1
5721432,1
2183679,0
6948356,0
6275199,0
1829648,1
1631691,1
1135102,0
3741516,1
4822090,1
1288670,1
1442633,1
2340536,0
6939158,1
5026566,1
6661526,1
4254537,1
4814351,0
7234463,0
8840322,1
4393353,1
4018262,1
8356191,1
5829968,0
3607615,0
4987517,1
5878964,1
5593567,1
8831843,1
4359330,1
9846702,1
2954905,1
6859588,1
6289340,1
3641348,1
3233528,1
3684441,0
9444281,1
5663852,1
8893331,1
1283375,1
9771128,0
6656748,0
2859303,1
8164899,1
7180373,1
9366731,1
9616868,1
5661937,0
2831462,0
4191872,1
5464995,0
8747249,0
9784051,0
8086773,1
6005019,1
7181973,1
6145211,1
6238767,0
9547970,1
9471880,1
2178312,0
4085258,1
6415328,1
6654342,1
8583567,1
7824426,1
3197227,1
1814780,1
6252976,0
3016373,1
4768063,0
9742234,0
4859785,1
6754446,1
5845558,1
2925086,0
8147188,1
5643454,0
5501327,0
2032934,1
1840716,0
2172182,1
1650633,1
4730067,0
9129928,1
5004637,1
4986983,1
3010040,1
2330397,1
1846656,1
7019224,0
7728277,1
1465051,1
4888218,1
8761428,1
9926902,1
5901455,1
3588139,1
3262850,0
9426894,1
2540135,1
4196575,1
9278141,0
6906345,1
2316210,1
2401932,1
1650876,1
9840602,1
7393230,1
6863675,1
1780686,1
5402108,1
2668662,0
1678870,0
8752377,1
2184054,1
5057848,1
3663755,1
1209391,0
9499212,1
5523045,1
9559084,1
7421629,1
4748716,0
9031554,1
2207778,1
6191098,0
6199779,1
5977816,0
3680680,1
9370982,1
5987358,0
5277000,1
6183191,0
1342999,0
9913779,1
9522670,1
5456698,1
7361026,0
2301564,1
7697058,1
9353743,0
5711440,1
3946999,0
7241417,1
8696745,0
3724072,1
8961278,1
4886343,0
3165455,1
4355007,1
2735122,0
8639129,0
1676026,1
5889376,1
7187721,1
4000764,1
6486707,0
6735900,1
6218883,0
5060848,1
5948469,1
2419610,1
6620163,1
1493153,1
5173037,1
9630546,1
4776569,1
3086336,1
7066874,1
9956898,1
2285253,0
1421579,1
3519981,0
6652473,1
3061731,1
9810516,0
3865084,0
5567376,1
1946022,0
1956888,0
4599952,1
9720494,1
9628732,1
1264271,1
1424059,1
2342376,1
2245864,0
4760926,1
3774166,0
8370954,1
9160719,1
6754354,1
7874156,0
8393298,1
2853843,0
3169277,1
2306148,1
8481851,1
6513734,1
3046368,1
9560793,1
1504686,1
7648256,0
3965864,1
5503181,0
4656562,1
5737298,0
8713720,1
7620495,1
8464366,1
8081462,1
7823506,1
7083364,1
7228345,0
9466155,1
7100904,1
9669117,1
5038970,1
7799133,0
7045673,1
9192574,1
8703731,1
3620673,0
2813072,1
9056719,1
3077109,0
1807355,1
3983229,0
9442442,1
